Workbook

Sheet Dashboard
B2: Dashboard de ventas · E-commerce Olist (Brasil)
B3: Pedidos entregados de enero 2017 a agosto 2018 · montos en reales brasileños (BRL)
C6: Ingreso total | E6: Pedidos | G6: Ticket promedio | I6: Entregas tardías | K6: Calificación promedio | M6: Clientes que recompran
C7: =SUM('Ventas mensuales'!$C$5:$C$24) -> 13179778 | E7: =SUM('Ventas mensuales'!$B$5:$B$24) -> 96203 | G7: =C7/E7 -> 136.99966 | I7: 0.068 | K7: 4.14 | M7: =1-Recompra!D5 -> 0.029958323
I8: Calculado en SQL | K8: Calculado en SQL
J27: Hallazgos
J28: 1. Una entrega con más de 7 días de retraso baja la calificación de 4.3 a 1.7.
J30: 2. El 97% de los clientes compra una sola vez: la recompra es la mayor oportunidad.
J32: 3. Las 5 categorías principales generan el 40% del ingreso.
J34: 4. Noviembre 2017 (Black Friday) fue el mes récord: +52% vs. octubre.
J36: 5. São Paulo concentra el 38% del ingreso y entrega en 8.7 días en promedio.
B42: Fuente: Olist, Brazilian E-Commerce Public Dataset (Kaggle, CC BY-NC-SA 4.0). Pedidos entregados, ene-2017 a ago-2018. Montos en reales brasileños (BRL).
B43: Análisis: Leonardo Chapa Gallardo · SQL (SQLite) + Python

Sheet Ventas mensuales
A1: Ventas mensuales
A2: Ticket y crecimiento calculados con fórmulas de Excel.
A3: Fuente: Olist, Brazilian E-Commerce Public Dataset (Kaggle, CC BY-NC-SA 4.0). Pedidos entregados, ene-2017 a ago-2018. Montos en reales brasileños (BRL).
A4: Mes | B4: Pedidos | C4: Ingreso (BRL) | D4: Ticket promedio (BRL) | E4: Crecimiento vs. mes anterior
A5: 2017-01 | B5: 750 | C5: 111798.36 | D5: =IFERROR(C5/B5,0) -> 149.06448
A6: 2017-02 | B6: 1653 | C6: 234223.4 | D6: =IFERROR(C6/B6,0) -> 141.69595 | E6: =IFERROR(C6/C5-1,0) -> 1.0950522
A7: 2017-03 | B7: 2546 | C7: 359198.85 | D7: =IFERROR(C7/B7,0) -> 141.0836 | E7: =IFERROR(C7/C6-1,0) -> 0.53357372
A8: 2017-04 | B8: 2303 | C8: 340669.68 | D8: =IFERROR(C8/B8,0) -> 147.92431 | E8: =IFERROR(C8/C7-1,0) -> -0.051584714
A9: 2017-05 | B9: 3545 | C9: 489159.25 | D9: =IFERROR(C9/B9,0) -> 137.98568 | E9: =IFERROR(C9/C8-1,0) -> 0.43587551
A10: 2017-06 | B10: 3135 | C10: 421923.37 | D10: =IFERROR(C10/B10,0) -> 134.58481 | E10: =IFERROR(C10/C9-1,0) -> -0.13745192
A11: 2017-07 | B11: 3872 | C11: 481604.52 | D11: =IFERROR(C11/B11,0) -> 124.38133 | E11: =IFERROR(C11/C10-1,0) -> 0.14145021
A12: 2017-08 | B12: 4193 | C12: 554699.7 | D12: =IFERROR(C12/B12,0) -> 132.29184 | E12: =IFERROR(C12/C11-1,0) -> 0.15177428
A13: 2017-09 | B13: 4150 | C13: 607399.67 | D13: =IFERROR(C13/B13,0) -> 146.36137 | E13: =IFERROR(C13/C12-1,0) -> 0.095006307
A14: 2017-10 | B14: 4478 | C14: 648247.65 | D14: =IFERROR(C14/B14,0) -> 144.76276 | E14: =IFERROR(C14/C13-1,0) -> 0.06725058
A15: 2017-11 | B15: 7288 | C15: 987648.07 | D15: =IFERROR(C15/B15,0) -> 135.51702 | E15: =IFERROR(C15/C14-1,0) -> 0.52356599
A16: 2017-12 | B16: 5513 | C16: 726033.19 | D16: =IFERROR(C16/B16,0) -> 131.69476 | E16: =IFERROR(C16/C15-1,0) -> -0.26488674
A17: 2018-01 | B17: 7069 | C17: 924645 | D17: =IFERROR(C17/B17,0) -> 130.8028 | E17: =IFERROR(C17/C16-1,0) -> 0.27355748
... A24: 2018-08 | B24: 6351 | C24: 838576.64 | D24: =IFERROR(C24/B24,0) -> 132.03852 | E24: =IFERROR(C24/C23-1,0) -> -0.033325972

Sheet Categorías
A1: Top 15 categorías por ingreso
A2: Participación sobre el ingreso TOTAL del periodo (todas las categorías).
A3: Fuente: Olist, Brazilian E-Commerce Public Dataset (Kaggle, CC BY-NC-SA 4.0). Pedidos entregados, ene-2017 a ago-2018. Montos en reales brasileños (BRL).
A4: Categoría | B4: Pedidos | C4: Ingreso (BRL) | D4: % del ingreso total | E4: % acumulado
A5: Salud y belleza | B5: 8610 | C5: 1229557.5 | D5: =C5/Dashboard!$C$7 -> 0.093291215 | E5: =SUM($C$5:C5)/Dashboard!$C$7 -> 0.093291215
A6: Relojes y regalos | B6: 5489 | C6: 1163187.9 | D6: =C6/Dashboard!$C$7 -> 0.088255501 | E6: =SUM($C$5:C6)/Dashboard!$C$7 -> 0.18154672
A7: Blancos (cama, mesa y baño) | B7: 9267 | C7: 1022955.8 | D7: =C7/Dashboard!$C$7 -> 0.077615554 | E7: =SUM($C$5:C7)/Dashboard!$C$7 -> 0.25916227
A8: Deportes y ocio | B8: 7512 | C8: 952661.4 | D8: =C8/Dashboard!$C$7 -> 0.072282052 | E8: =SUM($C$5:C8)/Dashboard!$C$7 -> 0.33144432
A9: Accesorios de cómputo | B9: 6517 | C9: 887944.6 | D9: =C9/Dashboard!$C$7 -> 0.067371742 | E9: =SUM($C$5:C9)/Dashboard!$C$7 -> 0.39881607
A10: Muebles y decoración | B10: 6258 | C10: 706237.17 | D10: =C10/Dashboard!$C$7 -> 0.053584907 | E10: =SUM($C$5:C10)/Dashboard!$C$7 -> 0.45240097
A11: Artículos para el hogar | B11: 5734 | C11: 614341.62 | D11: =C11/Dashboard!$C$7 -> 0.046612441 | E11: =SUM($C$5:C11)/Dashboard!$C$7 -> 0.49901341
A12: Artículos novedosos | B12: 3552 | C12: 609158 | D12: =C12/Dashboard!$C$7 -> 0.04621914 | E12: =SUM($C$5:C12)/Dashboard!$C$7 -> 0.54523255
A13: Automotriz | B13: 3801 | C13: 577721.09 | D13: =C13/Dashboard!$C$7 -> 0.043833902 | E13: =SUM($C$5:C13)/Dashboard!$C$7 -> 0.58906645
A14: Herramientas de jardín | B14: 3443 | C14: 469135.4 | D14: =C14/Dashboard!$C$7 -> 0.035595091 | E14: =SUM($C$5:C14)/Dashboard!$C$7 -> 0.62466155
A15: Juguetes | B15: 3781 | C15: 466990.99 | D15: =C15/Dashboard!$C$7 -> 0.035432387 | E15: =SUM($C$5:C15)/Dashboard!$C$7 -> 0.66009393
A16: Bebés | B16: 2800 | C16: 399050.67 | D16: =C16/Dashboard!$C$7 -> 0.030277496 | E16: =SUM($C$5:C16)/Dashboard!$C$7 -> 0.69037143
... A19: Muebles de oficina | B19: 1248 | C19: 266853.43 | D19: =C19/Dashboard!$C$7 -> 0.020247187 | E19: =SUM($C$5:C19)/Dashboard!$C$7 -> 0.76334693

Sheet Entregas
A1: Puntualidad de la entrega vs. calificación del cliente
A2: Excluye 189 pedidos con fechas inconsistentes y pedidos sin reseña.
A3: Fuente: Olist, Brazilian E-Commerce Public Dataset (Kaggle, CC BY-NC-SA 4.0). Pedidos entregados, ene-2017 a ago-2018. Montos en reales brasileños (BRL).
A4: Entrega respecto a la fecha prometida | B4: Pedidos | C4: Calificación promedio (1-5) | D4: % con calificación 1 o 2
A5: 7+ días antes | B5: 75719 | C5: 4.3 | D5: 0.092
A6: A tiempo (0-6 días antes) | B6: 13771 | C6: 4.15 | D6: 0.111
A7: 1-7 días tarde | B7: 3669 | C7: 2.7 | D7: 0.499
A8: Más de 7 días tarde | B8: 2860 | C8: 1.69 | D8: 0.795

Sheet Estados
A1: Desempeño por estado del cliente
A2: Ordenado por ingreso. Excluye pedidos con fechas inconsistentes.
A3: Fuente: Olist, Brazilian E-Commerce Public Dataset (Kaggle, CC BY-NC-SA 4.0). Pedidos entregados, ene-2017 a ago-2018. Montos en reales brasileños (BRL).
A4: Estado | B4: Nombre | C4: Pedidos | D4: Ingreso (BRL) | E4: Días de entrega (promedio) | F4: % entregas tardías | G4: Calificación promedio
A5: SP | B5: São Paulo | C5: 40335 | D5: 5047564.8 | E5: 8.7 | F5: 0.045 | G5: 4.24
A6: RJ | B6: Río de Janeiro | C6: 12291 | D6: 1749728.2 | E6: 15.3 | F6: 0.122 | G6: 3.95
A7: MG | B7: Minas Gerais | C7: 11293 | D7: 1544505.9 | E7: 12 | F7: 0.046 | G7: 4.18
A8: RS | B8: Río Grande del Sur | C8: 5310 | D8: 724148.18 | E8: 15.3 | F8: 0.061 | G8: 4.18
A9: PR | B9: Paraná | C9: 4892 | D9: 662296.43 | E9: 12 | F9: 0.041 | G9: 4.23
A10: SC | B10: Santa Catarina | C10: 3525 | D10: 503172.02 | E10: 15 | F10: 0.083 | G10: 4.12
A11: BA | B11: Bahía | C11: 3249 | D11: 492698.38 | E11: 19.3 | F11: 0.122 | G11: 3.91
A12: DF | B12: Distrito Federal | C12: 2071 | D12: 295146.64 | E12: 12.9 | F12: 0.057 | G12: 4.13
A13: GO | B13: Goiás | C13: 1944 | D13: 281325.43 | E13: 15.6 | F13: 0.066 | G13: 4.09
A14: ES | B14: Espírito Santo | C14: 1986 | D14: 266378.77 | E14: 15.8 | F14: 0.108 | G14: 4.04
A15: PE | B15: Pernambuco | C15: 1586 | D15: 250562.99 | E15: 18.5 | F15: 0.096 | G15: 4.07
A16: CE | B16: Ceará | C16: 1272 | D16: 218042.71 | E16: 21.2 | F16: 0.138 | G16: 3.93
... A31: RR | B31: Roraima | C31: 40 | D31: 7017.77 | E31: 29.9 | F31: 0.125 | G31: 3.9

Sheet Recompra
A1: ¿Cuántos clientes vuelven a comprar?
A2: Clientes identificados con customer_unique_id (no customer_id, que cambia en cada pedido).
A3: Fuente: Olist, Brazilian E-Commerce Public Dataset (Kaggle, CC BY-NC-SA 4.0). Pedidos entregados, ene-2017 a ago-2018. Montos en reales brasileños (BRL).
A4: Pedidos por cliente | B4: Clientes | C4: Gasto promedio (BRL) | D4: % de clientes
A5: 1 | B5: 90307 | C5: 137.91 | D5: =B5/SUM($B$5:$B$7) -> 0.97004168
A6: 2 | B6: 2562 | C6: 245.25 | D6: =B6/SUM($B$5:$B$7) -> 0.027519979
A7: 3 o más | B7: 227 | C7: 427.44 | D7: =B7/SUM($B$5:$B$7) -> 0.0024383432

Sheet Calidad de datos
A1: Problemas encontrados en los datos crudos
A2: Ninguna fila se borró en silencio: cada exclusión está marcada en 01_crear_base.sql.
A3: Fuente: Olist, Brazilian E-Commerce Public Dataset (Kaggle, CC BY-NC-SA 4.0). Pedidos entregados, ene-2017 a ago-2018. Montos en reales brasileños (BRL).
A4: Concepto | B4: Registros
A5: Pedidos en el archivo original | B5: 99441
A6: Pedidos sin artículos (cancelados o no disponibles) | B6: 775
A7: Pedidos "entregados" sin fecha de entrega | B7: 8
A8: Pedidos con fechas inconsistentes | B8: 189
A9: Pedidos con más de una reseña | B9: 555
A10: Productos sin categoría | B10: 610
A11: IDs de cliente por pedido (customer_id) | B11: 99441
A12: Clientes reales (customer_unique_id) | B12: 96096
A13: Pedidos analizados (entregados, ene-2017 a ago-2018) | B13: 96203
